8f0bda09-d03e-4a1c-88bd-968ac0b804b5,Zelma,info@zelma.org,http://Zelma.org,https://dummyimage.com/250x250/003852/fff.png
2521de2d-1f37-4665-9e22-f3e82c6bc031,Pierette,info@pierette.org,http://Pierette.org,https://dummyimage.com/250x250/003852/fff.png
fab2822b-f503-4ba2-9321-1435c7f51fcf,Sol,info@sol.com,http://Sol.org,https://dummyimage.com/250x250/003852/fff.png
d7669b85-ecd3-4d1d-83e5-15e724ff8f7e,Melisandra,info@Melisandra.org,http://Melisandra.org,https://dummyimage.com/250x250/003852/fff.png
ff24cbff-93c2-4712-919a-bdb3d2dc6532,Yankee,info@Yankee.org,http://Yankee.org,https://dummyimage.com/250x250/003852/fff.png
cdc9367f-63cd-4a2c-9409-664d27274e94,Cybill,info@Cybill.org,http://Cybill.org,https://dummyimage.com/250x250/003852/fff.png
a203ad50-4aa6-43fd-984c-80224d556e17,Glory,info@Glory.org,http://Glory.org,https://dummyimage.com/250x250/003852/fff.png
63e231e0-801c-49cd-841a-95d3e4c0f923,Harper,info@Harper.org,http://Harper.org,https://dummyimage.com/250x250/003852/fff.png
c19532e1-1b7b-4dfd-b13c-fe31613bbd66,Addia,info@Addia.org,http://Addia.org,https://dummyimage.com/250x250/003852/fff.png
4305a3f4-5fe5-4e96-8db6-dac4ca6c22be,Kirstin,info@Kirstin.org,http://Kirstin.org,https://dummyimage.com/250x250/003852/fff.png
104b4bb0-9648-4cb6-885c-90294365f98b,Lilli,info@Lilli.org,http://Lilli.org,https://dummyimage.com/250x250/003852/fff.png
6c81df83-7a62-4941-aea5-53b9bdd02dcd,Verena,info@Verena.org,http://Verena.org,https://dummyimage.com/250x250/003852/fff.png
7a636213-4cf0-4dcd-8568-a6966f673818,Lorin,info@Lorin.org,http://Lorin.org,https://dummyimage.com/250x250/003852/fff.png
b02bda07-3a8a-4501-b6d7-1da6e46421e2,Renee,info@Renee.org,http://Renee.org,https://dummyimage.com/250x250/003852/fff.png
ce8fb855-9983-4611-8e84-be6c844bddcb,Nefen,info@Nefen.org,http://Nefen.org,https://dummyimage.com/250x250/003852/fff.png
5636a6d0-0c66-40c9-be63-1d60e7419f54,Demeter,info@Demeter.org,http://Demeter.org,https://dummyimage.com/250x250/003852/fff.png
11901218-e731-492e-b182-159a61c81045,Karlens,info@Karlens.org,http://Karlens.org,https://dummyimage.com/250x250/003852/fff.png
fb84d450-1aaa-4039-a641-7a8804811399,Jilli,info@Jilli.org,http://Jilli.org,https://dummyimage.com/250x250/003852/fff.png
4de72a61-6393-4d38-bd22-9aba95b3742a,Stanley,info@Stanley.org,http://Stanley.org,https://dummyimage.com/250x250/003852/fff.png
9a08a3c1-f88d-44c0-94dd-21ee64a7a1d8,Meris,info@Meris.org,http://Meris.org,https://dummyimage.com/250x250/003852/fff.png