e3d5ee6a-6b7f-4e93-bc01-212102c58f44,Bluezoom,Daniellot,Bluezoom.Daniellot@yahoo.com,8f0bda09-d03e-4a1c-88bd-968ac0b804b5,https://dummyimage.com/250x250/780078/fff.png
ccef178b-fe62-42f2-b886-487a516507bb,Wikivu,Matula,Wikivu.Matula@yahoo.com,2521de2d-1f37-4665-9e22-f3e82c6bc031,https://dummyimage.com/250x250/780078/fff.png
0aac9ac7-16c8-458b-be07-1488dfd55f6b,Gigazoom,Lefeaver,Gigazoom.Lefeaver@yahoo.com,fab2822b-f503-4ba2-9321-1435c7f51fcf,https://dummyimage.com/250x250/780078/fff.png
3157be79-8c4d-40d5-bb22-22dc100e9864,Youtags,Rodolphe,Youtags.Rodolphe@yahoo.com,d7669b85-ecd3-4d1d-83e5-15e724ff8f7e,https://dummyimage.com/250x250/780078/fff.png
1a1858ed-bcd5-4ff6-bbc2-a34b09821c83,Pixope,Whissell,Pixope.Whissell@yahoo.com,ff24cbff-93c2-4712-919a-bdb3d2dc6532,https://dummyimage.com/250x250/780078/fff.png
aea7273a-e7b0-428a-b785-b24cc3c6f1ce,Wikivu,Cumberledge,Wikivu.Cumberledge@yahoo.com,cdc9367f-63cd-4a2c-9409-664d27274e94,https://dummyimage.com/250x250/780078/fff.png
508ea7f7-33ca-4578-af86-e11495513328,Tambee,Byrkmyr,Tambee.Byrkmyr@yahoo.com,a203ad50-4aa6-43fd-984c-80224d556e17,https://dummyimage.com/250x250/780078/fff.png
1405494e-f428-401d-bc47-f2f88cf2d9bb,Brightbean,Duckham,Brightbean.Duckham@yahoo.com,63e231e0-801c-49cd-841a-95d3e4c0f923,https://dummyimage.com/250x250/780078/fff.png
937ab41e-3b42-40e4-8fe0-58923700c2ba,Dabtype,Gallamore,Dabtype.Gallamore@yahoo.com,c19532e1-1b7b-4dfd-b13c-fe31613bbd66,https://dummyimage.com/250x250/780078/fff.png
c8837cd6-b403-48bc-becf-f53b79ad57f2,Buzzbean,Von Hindenburg,Buzzbean.Von Hindenburg@yahoo.com,4305a3f4-5fe5-4e96-8db6-dac4ca6c22be,https://dummyimage.com/250x250/780078/fff.png
f62a11c1-eca6-4e5f-a12a-1c1c21d1d59c,Buzzster,Paulig,Buzzster.Paulig@yahoo.com,104b4bb0-9648-4cb6-885c-90294365f98b,https://dummyimage.com/250x250/780078/fff.png
671f131a-7c4d-42e3-832d-5c88ffa059d2,Fivebridge,Whyborne,Fivebridge.Whyborne@yahoo.com,6c81df83-7a62-4941-aea5-53b9bdd02dcd,https://dummyimage.com/250x250/780078/fff.png
778f2659-53a8-4e75-b7cb-f8de45eb5f2f,Trilia,Currm,Trilia.Currm@yahoo.com,7a636213-4cf0-4dcd-8568-a6966f673818,https://dummyimage.com/250x250/780078/fff.png
2feab66d-622b-4e2b-8d12-35d628fbb5b0,Jamia,Hartnell,Jamia.Hartnell@yahoo.com,b02bda07-3a8a-4501-b6d7-1da6e46421e2,https://dummyimage.com/250x250/780078/fff.png
7d92f229-72b3-48ab-ada7-e2fb58747624,Aivee,Peinke,Aivee.Peinke@yahoo.com,ce8fb855-9983-4611-8e84-be6c844bddcb,https://dummyimage.com/250x250/780078/fff.png
b741f513-a8d0-42bf-8151-c888d577a98d,Aivee,Devenny,Aivee.Devenny@yahoo.com,5636a6d0-0c66-40c9-be63-1d60e7419f54,https://dummyimage.com/250x250/780078/fff.png
858a781e-2056-4a86-9819-cd4a96d01a2b,Brightdog,Grigorescu,Brightdog.Grigorescu@yahoo.com,11901218-e731-492e-b182-159a61c81045,https://dummyimage.com/250x250/780078/fff.png
4f63c9b5-ab42-4844-ae29-63c1d5428b8a,Dazzlesphere,Sottell,Dazzlesphere.Sottell@yahoo.com,fb84d450-1aaa-4039-a641-7a8804811399,https://dummyimage.com/250x250/780078/fff.png
7a149469-8177-45c9-83cc-b960cbd68ce1,Feedfire,Gier,Feedfire.Gier@yahoo.com,4de72a61-6393-4d38-bd22-9aba95b3742a,https://dummyimage.com/250x250/780078/fff.png
f59099be-0359-470e-bd2d-1ccaec9f9887,Jamia,Strutt,Jamia.Strutt@yahoo.com,9a08a3c1-f88d-44c0-94dd-21ee64a7a1d8,https://dummyimage.com/250x250/780078/fff.png
49d44882-f178-4f56-9331-bec1bfad95cc,Devbug,Purcer,Devbug.Purcer@yahoo.com,8f0bda09-d03e-4a1c-88bd-968ac0b804b5,https://dummyimage.com/250x250/780078/fff.png
5d3cab32-c3b3-4f22-a773-3243f8609509,Devify,Cristofolo,Devify.Cristofolo@yahoo.com,2521de2d-1f37-4665-9e22-f3e82c6bc031,https://dummyimage.com/250x250/780078/fff.png
f2ed9002-48ab-4480-af30-930f8e3b30b4,Feednation,McPhilip,Feednation.McPhilip@yahoo.com,fab2822b-f503-4ba2-9321-1435c7f51fcf,https://dummyimage.com/250x250/780078/fff.png
b2c1c817-0de3-439d-b063-87f827f202a6,Zoomlounge,Pfeiffer,Zoomlounge.Pfeiffer@yahoo.com,d7669b85-ecd3-4d1d-83e5-15e724ff8f7e,https://dummyimage.com/250x250/780078/fff.png
245c4362-572c-4f45-82ee-335beaaa6ae1,Jetwire,Proudler,Jetwire.Proudler@yahoo.com,ff24cbff-93c2-4712-919a-bdb3d2dc6532,https://dummyimage.com/250x250/780078/fff.png
527edaf7-5713-4a03-90b5-c677f3f9e25b,Jayo,Frantzen,Jayo.Frantzen@yahoo.com,cdc9367f-63cd-4a2c-9409-664d27274e94,https://dummyimage.com/250x250/780078/fff.png
6ef64d48-68c7-4d02-a966-09470d3d06f4,Youtags,Sandle,Youtags.Sandle@yahoo.com,a203ad50-4aa6-43fd-984c-80224d556e17,https://dummyimage.com/250x250/780078/fff.png
d0ff071a-b91c-405b-8d98-eeda6132cca4,Youfeed,Bellam,Youfeed.Bellam@yahoo.com,63e231e0-801c-49cd-841a-95d3e4c0f923,https://dummyimage.com/250x250/780078/fff.png
3ed51f65-90d8-4cf4-8930-c66524fe44de,Mydo,Hammatt,Mydo.Hammatt@yahoo.com,c19532e1-1b7b-4dfd-b13c-fe31613bbd66,https://dummyimage.com/250x250/780078/fff.png
33a81e73-94cd-4343-b186-beb9a2423767,Aibox,Flaunders,Aibox.Flaunders@yahoo.com,4305a3f4-5fe5-4e96-8db6-dac4ca6c22be,https://dummyimage.com/250x250/780078/fff.png
aea844e0-1057-4d5e-a073-99e95a652095,Rhynyx,Busst,Rhynyx.Busst@yahoo.com,104b4bb0-9648-4cb6-885c-90294365f98b,https://dummyimage.com/250x250/780078/fff.png
8080b2e0-b6ee-42af-83de-de01f308631a,Mynte,O'Feeny,Mynte.O'Feeny@yahoo.com,6c81df83-7a62-4941-aea5-53b9bdd02dcd,https://dummyimage.com/250x250/780078/fff.png
6eabb3fb-107c-4a25-94e1-9981ad205dcc,Ainyx,Walster,Ainyx.Walster@yahoo.com,7a636213-4cf0-4dcd-8568-a6966f673818,https://dummyimage.com/250x250/780078/fff.png
13f48612-c9b9-4b76-9f53-091a95a4d1bd,Skivee,Bromige,Skivee.Bromige@yahoo.com,b02bda07-3a8a-4501-b6d7-1da6e46421e2,https://dummyimage.com/250x250/780078/fff.png
bc4f2beb-3c76-496c-8146-9cc49bde9025,Feednation,Bladder,Feednation.Bladder@yahoo.com,ce8fb855-9983-4611-8e84-be6c844bddcb,https://dummyimage.com/250x250/780078/fff.png
11425eaf-8af6-4cf3-9871-7ecdc4c8499d,Flipstorm,Petlyura,Flipstorm.Petlyura@yahoo.com,5636a6d0-0c66-40c9-be63-1d60e7419f54,https://dummyimage.com/250x250/780078/fff.png
e4fe736f-ec72-48f0-91ea-14b046552879,Browsecat,Hassin,Browsecat.Hassin@yahoo.com,11901218-e731-492e-b182-159a61c81045,https://dummyimage.com/250x250/780078/fff.png
424f1d7e-893b-42e7-86e0-dd7ac6021be6,Janyx,Dopson,Janyx.Dopson@yahoo.com,fb84d450-1aaa-4039-a641-7a8804811399,https://dummyimage.com/250x250/780078/fff.png
1454dc9c-b6a8-4bad-ab9e-5879149ba9bf,Gabtype,Chillingworth,Gabtype.Chillingworth@yahoo.com,4de72a61-6393-4d38-bd22-9aba95b3742a,https://dummyimage.com/250x250/780078/fff.png
f3ac528b-8bff-486f-9921-fa211193631d,Linkbridge,Burree,Linkbridge.Burree@yahoo.com,9a08a3c1-f88d-44c0-94dd-21ee64a7a1d8,https://dummyimage.com/250x250/780078/fff.png
db3d19a3-5003-4b3f-ba92-836fbd4c491f,Browsecat,Arnout,Browsecat.Arnout@yahoo.com,8f0bda09-d03e-4a1c-88bd-968ac0b804b5,https://dummyimage.com/250x250/780078/fff.png
095668e6-954e-44c9-bbc5-a1e624c624b1,Kwilith,Geraghty,Kwilith.Geraghty@yahoo.com,2521de2d-1f37-4665-9e22-f3e82c6bc031,https://dummyimage.com/250x250/780078/fff.png
39d0872f-324f-438a-802f-cd776e0563c1,Eire,Gallie,Eire.Gallie@yahoo.com,fab2822b-f503-4ba2-9321-1435c7f51fcf,https://dummyimage.com/250x250/780078/fff.png
aa04dd9d-5e17-41f5-a6ab-7f58b52d9af9,Rhybox,Colisbe,Rhybox.Colisbe@yahoo.com,d7669b85-ecd3-4d1d-83e5-15e724ff8f7e,https://dummyimage.com/250x250/780078/fff.png
bee9de54-6786-4ba0-8e35-80877808f807,Trilia,Depke,Trilia.Depke@yahoo.com,ff24cbff-93c2-4712-919a-bdb3d2dc6532,https://dummyimage.com/250x250/780078/fff.png
00ab82a6-5808-4c7b-86f7-1cd55e62ef9f,Thoughtworks,Skirling,Thoughtworks.Skirling@yahoo.com,cdc9367f-63cd-4a2c-9409-664d27274e94,https://dummyimage.com/250x250/780078/fff.png
a885c6da-d0b6-42a1-a94b-566052309522,Roombo,Sandys,Roombo.Sandys@yahoo.com,a203ad50-4aa6-43fd-984c-80224d556e17,https://dummyimage.com/250x250/780078/fff.png
c2a1d99b-f68c-4cef-83d9-993464cee7cb,Realcube,Kryszkiecicz,Realcube.Kryszkiecicz@yahoo.com,63e231e0-801c-49cd-841a-95d3e4c0f923,https://dummyimage.com/250x250/780078/fff.png
3662f1bc-f16e-470d-a2c6-b0b075f3d2a9,Agimba,Bish,Agimba.Bish@yahoo.com,c19532e1-1b7b-4dfd-b13c-fe31613bbd66,https://dummyimage.com/250x250/780078/fff.png
0b86963f-866b-4dbd-bdc8-15654d2dfd13,Voomm,Wigfield,Voomm.Wigfield@yahoo.com,4305a3f4-5fe5-4e96-8db6-dac4ca6c22be,https://dummyimage.com/250x250/780078/fff.png
6d040791-44bc-48cd-9989-e8fd775fea02,Yadel,Overpool,Yadel.Overpool@yahoo.com,104b4bb0-9648-4cb6-885c-90294365f98b,https://dummyimage.com/250x250/780078/fff.png
82c575b2-1008-4d6a-b122-2ed2e6205649,Youspan,Curling,Youspan.Curling@yahoo.com,6c81df83-7a62-4941-aea5-53b9bdd02dcd,https://dummyimage.com/250x250/780078/fff.png
5c09bbbd-335b-4b79-a44a-ed339bbe039d,Dabshots,Kennington,Dabshots.Kennington@yahoo.com,7a636213-4cf0-4dcd-8568-a6966f673818,https://dummyimage.com/250x250/780078/fff.png
763a45c5-1678-454e-9dc8-522c1c532ea0,Quimba,Pott,Quimba.Pott@yahoo.com,b02bda07-3a8a-4501-b6d7-1da6e46421e2,https://dummyimage.com/250x250/780078/fff.png
ba819c16-a405-4488-b867-a88515eb1bcc,Mymm,Benedito,Mymm.Benedito@yahoo.com,ce8fb855-9983-4611-8e84-be6c844bddcb,https://dummyimage.com/250x250/780078/fff.png
9e9a2c37-6863-4c28-8e27-b9761561fabc,Twinte,Floris,Twinte.Floris@yahoo.com,5636a6d0-0c66-40c9-be63-1d60e7419f54,https://dummyimage.com/250x250/780078/fff.png
40088f2d-1d67-47f3-bff7-db41d6a64bf7,Skipstorm,Brandham,Skipstorm.Brandham@yahoo.com,11901218-e731-492e-b182-159a61c81045,https://dummyimage.com/250x250/780078/fff.png
ab530a7a-60aa-45dc-8584-b02bbed6ec41,Plajo,McCarlie,Plajo.McCarlie@yahoo.com,fb84d450-1aaa-4039-a641-7a8804811399,https://dummyimage.com/250x250/780078/fff.png
7637a320-d8bb-4973-85ed-9cc223d974fc,Browsebug,Fisher,Browsebug.Fisher@yahoo.com,4de72a61-6393-4d38-bd22-9aba95b3742a,https://dummyimage.com/250x250/780078/fff.png
acd00937-90f8-4a38-b3e8-4eef839771f2,Abatz,Feltoe,Abatz.Feltoe@yahoo.com,9a08a3c1-f88d-44c0-94dd-21ee64a7a1d8,https://dummyimage.com/250x250/780078/fff.png