4ceb63b1-a9d3-47af-a4a2-28443539ae3c,test@test.com,$2y$12$b2Zi6lrSH7vfO3f5ZpTyBO6knzHH/u8ONgZigQTFleK77CW.n6qBi,admin,NULL,31/03/2020 20:23,03/04/2020 7:07
e3d5ee6a-6b7f-4e93-bc01-212102c58f44,Bluezoom.Daniellot@yahoo.com,$2y$12$b2Zi6lrSH7vfO3f5ZpTyBO6knzHH/u8ONgZigQTFleK77CW.n6qBi,company,NULL,03/04/2020 7:10,03/04/2020 7:18
ccef178b-fe62-42f2-b886-487a516507bb,Wikivu.Matula@yahoo.com,$2y$12$b2Zi6lrSH7vfO3f5ZpTyBO6knzHH/u8ONgZigQTFleK77CW.n6qBi,company,NULL,01/04/2020 21:51,03/04/2020 7:01
0aac9ac7-16c8-458b-be07-1488dfd55f6b,Gigazoom.Lefeaver@yahoo.com,$2y$12$b2Zi6lrSH7vfO3f5ZpTyBO6knzHH/u8ONgZigQTFleK77CW.n6qBi,company,NULL,02/04/2020 10:59,02/04/2020 10:59
3157be79-8c4d-40d5-bb22-22dc100e9864,Youtags.Rodolphe@yahoo.com,$2y$12$b2Zi6lrSH7vfO3f5ZpTyBO6knzHH/u8ONgZigQTFleK77CW.n6qBi,company,NULL,02/04/2020 11:10,02/04/2020 11:10
1a1858ed-bcd5-4ff6-bbc2-a34b09821c83,Pixope.Whissell@yahoo.com,$2y$12$b2Zi6lrSH7vfO3f5ZpTyBO6knzHH/u8ONgZigQTFleK77CW.n6qBi,company,NULL,02/04/2020 11:07,02/04/2020 11:07
aea7273a-e7b0-428a-b785-b24cc3c6f1ce,Wikivu.Cumberledge@yahoo.com,$2y$12$b2Zi6lrSH7vfO3f5ZpTyBO6knzHH/u8ONgZigQTFleK77CW.n6qBi,company,NULL,03/04/2020 11:07,03/04/2020 11:07
508ea7f7-33ca-4578-af86-e11495513328,Tambee.Byrkmyr@yahoo.com,$2y$12$b2Zi6lrSH7vfO3f5ZpTyBO6knzHH/u8ONgZigQTFleK77CW.n6qBi,company,NULL,04/04/2020 11:07,04/04/2020 11:07
1405494e-f428-401d-bc47-f2f88cf2d9bb,Brightbean.Duckham@yahoo.com,$2y$12$b2Zi6lrSH7vfO3f5ZpTyBO6knzHH/u8ONgZigQTFleK77CW.n6qBi,company,NULL,05/04/2020 11:07,05/04/2020 11:07
937ab41e-3b42-40e4-8fe0-58923700c2ba,Dabtype.Gallamore@yahoo.com,$2y$12$b2Zi6lrSH7vfO3f5ZpTyBO6knzHH/u8ONgZigQTFleK77CW.n6qBi,company,NULL,06/04/2020 11:07,06/04/2020 11:07
c8837cd6-b403-48bc-becf-f53b79ad57f2,Buzzbean.Von Hindenburg@yahoo.com,$2y$12$b2Zi6lrSH7vfO3f5ZpTyBO6knzHH/u8ONgZigQTFleK77CW.n6qBi,company,NULL,07/04/2020 11:07,07/04/2020 11:07
f62a11c1-eca6-4e5f-a12a-1c1c21d1d59c,Buzzster.Paulig@yahoo.com,$2y$12$b2Zi6lrSH7vfO3f5ZpTyBO6knzHH/u8ONgZigQTFleK77CW.n6qBi,company,NULL,08/04/2020 11:07,08/04/2020 11:07
671f131a-7c4d-42e3-832d-5c88ffa059d2,Fivebridge.Whyborne@yahoo.com,$2y$12$b2Zi6lrSH7vfO3f5ZpTyBO6knzHH/u8ONgZigQTFleK77CW.n6qBi,company,NULL,09/04/2020 11:07,09/04/2020 11:07
778f2659-53a8-4e75-b7cb-f8de45eb5f2f,Trilia.Currm@yahoo.com,$2y$12$b2Zi6lrSH7vfO3f5ZpTyBO6knzHH/u8ONgZigQTFleK77CW.n6qBi,company,NULL,10/04/2020 11:07,10/04/2020 11:07
2feab66d-622b-4e2b-8d12-35d628fbb5b0,Jamia.Hartnell@yahoo.com,$2y$12$b2Zi6lrSH7vfO3f5ZpTyBO6knzHH/u8ONgZigQTFleK77CW.n6qBi,company,NULL,11/04/2020 11:07,11/04/2020 11:07
7d92f229-72b3-48ab-ada7-e2fb58747624,Aivee.Peinke@yahoo.com,$2y$12$b2Zi6lrSH7vfO3f5ZpTyBO6knzHH/u8ONgZigQTFleK77CW.n6qBi,company,NULL,12/04/2020 11:07,12/04/2020 11:07
b741f513-a8d0-42bf-8151-c888d577a98d,Aivee.Devenny@yahoo.com,$2y$12$b2Zi6lrSH7vfO3f5ZpTyBO6knzHH/u8ONgZigQTFleK77CW.n6qBi,company,NULL,13/04/2020 11:07,13/04/2020 11:07
858a781e-2056-4a86-9819-cd4a96d01a2b,Brightdog.Grigorescu@yahoo.com,$2y$12$b2Zi6lrSH7vfO3f5ZpTyBO6knzHH/u8ONgZigQTFleK77CW.n6qBi,company,NULL,14/04/2020 11:07,14/04/2020 11:07
4f63c9b5-ab42-4844-ae29-63c1d5428b8a,Dazzlesphere.Sottell@yahoo.com,$2y$12$b2Zi6lrSH7vfO3f5ZpTyBO6knzHH/u8ONgZigQTFleK77CW.n6qBi,company,NULL,15/04/2020 11:07,15/04/2020 11:07
7a149469-8177-45c9-83cc-b960cbd68ce1,Feedfire.Gier@yahoo.com,$2y$12$b2Zi6lrSH7vfO3f5ZpTyBO6knzHH/u8ONgZigQTFleK77CW.n6qBi,company,NULL,16/04/2020 11:07,16/04/2020 11:07
f59099be-0359-470e-bd2d-1ccaec9f9887,Jamia.Strutt@yahoo.com,$2y$12$b2Zi6lrSH7vfO3f5ZpTyBO6knzHH/u8ONgZigQTFleK77CW.n6qBi,company,NULL,17/04/2020 11:07,17/04/2020 11:07
49d44882-f178-4f56-9331-bec1bfad95cc,Devbug.Purcer@yahoo.com,$2y$12$b2Zi6lrSH7vfO3f5ZpTyBO6knzHH/u8ONgZigQTFleK77CW.n6qBi,company,NULL,18/04/2020 11:07,18/04/2020 11:07
5d3cab32-c3b3-4f22-a773-3243f8609509,Devify.Cristofolo@yahoo.com,$2y$12$b2Zi6lrSH7vfO3f5ZpTyBO6knzHH/u8ONgZigQTFleK77CW.n6qBi,company,NULL,19/04/2020 11:07,19/04/2020 11:07
f2ed9002-48ab-4480-af30-930f8e3b30b4,Feednation.McPhilip@yahoo.com,$2y$12$b2Zi6lrSH7vfO3f5ZpTyBO6knzHH/u8ONgZigQTFleK77CW.n6qBi,company,NULL,20/04/2020 11:07,20/04/2020 11:07
b2c1c817-0de3-439d-b063-87f827f202a6,Zoomlounge.Pfeiffer@yahoo.com,$2y$12$b2Zi6lrSH7vfO3f5ZpTyBO6knzHH/u8ONgZigQTFleK77CW.n6qBi,company,NULL,21/04/2020 11:07,21/04/2020 11:07
245c4362-572c-4f45-82ee-335beaaa6ae1,Jetwire.Proudler@yahoo.com,$2y$12$b2Zi6lrSH7vfO3f5ZpTyBO6knzHH/u8ONgZigQTFleK77CW.n6qBi,company,NULL,22/04/2020 11:07,22/04/2020 11:07
527edaf7-5713-4a03-90b5-c677f3f9e25b,Jayo.Frantzen@yahoo.com,$2y$12$b2Zi6lrSH7vfO3f5ZpTyBO6knzHH/u8ONgZigQTFleK77CW.n6qBi,company,NULL,23/04/2020 11:07,23/04/2020 11:07
6ef64d48-68c7-4d02-a966-09470d3d06f4,Youtags.Sandle@yahoo.com,$2y$12$b2Zi6lrSH7vfO3f5ZpTyBO6knzHH/u8ONgZigQTFleK77CW.n6qBi,company,NULL,24/04/2020 11:07,24/04/2020 11:07
d0ff071a-b91c-405b-8d98-eeda6132cca4,Youfeed.Bellam@yahoo.com,$2y$12$b2Zi6lrSH7vfO3f5ZpTyBO6knzHH/u8ONgZigQTFleK77CW.n6qBi,company,NULL,25/04/2020 11:07,25/04/2020 11:07
3ed51f65-90d8-4cf4-8930-c66524fe44de,Mydo.Hammatt@yahoo.com,$2y$12$b2Zi6lrSH7vfO3f5ZpTyBO6knzHH/u8ONgZigQTFleK77CW.n6qBi,company,NULL,26/04/2020 11:07,26/04/2020 11:07
33a81e73-94cd-4343-b186-beb9a2423767,Aibox.Flaunders@yahoo.com,$2y$12$b2Zi6lrSH7vfO3f5ZpTyBO6knzHH/u8ONgZigQTFleK77CW.n6qBi,company,NULL,27/04/2020 11:07,27/04/2020 11:07
aea844e0-1057-4d5e-a073-99e95a652095,Rhynyx.Busst@yahoo.com,$2y$12$b2Zi6lrSH7vfO3f5ZpTyBO6knzHH/u8ONgZigQTFleK77CW.n6qBi,company,NULL,28/04/2020 11:07,28/04/2020 11:07
8080b2e0-b6ee-42af-83de-de01f308631a,Mynte.O'Feeny@yahoo.com,$2y$12$b2Zi6lrSH7vfO3f5ZpTyBO6knzHH/u8ONgZigQTFleK77CW.n6qBi,company,NULL,29/04/2020 11:07,29/04/2020 11:07
6eabb3fb-107c-4a25-94e1-9981ad205dcc,Ainyx.Walster@yahoo.com,$2y$12$b2Zi6lrSH7vfO3f5ZpTyBO6knzHH/u8ONgZigQTFleK77CW.n6qBi,company,NULL,30/04/2020 11:07,30/04/2020 11:07
13f48612-c9b9-4b76-9f53-091a95a4d1bd,Skivee.Bromige@yahoo.com,$2y$12$b2Zi6lrSH7vfO3f5ZpTyBO6knzHH/u8ONgZigQTFleK77CW.n6qBi,company,NULL,01/05/2020 11:07,01/05/2020 11:07
bc4f2beb-3c76-496c-8146-9cc49bde9025,Feednation.Bladder@yahoo.com,$2y$12$b2Zi6lrSH7vfO3f5ZpTyBO6knzHH/u8ONgZigQTFleK77CW.n6qBi,company,NULL,02/05/2020 11:07,02/05/2020 11:07
11425eaf-8af6-4cf3-9871-7ecdc4c8499d,Flipstorm.Petlyura@yahoo.com,$2y$12$b2Zi6lrSH7vfO3f5ZpTyBO6knzHH/u8ONgZigQTFleK77CW.n6qBi,company,NULL,03/05/2020 11:07,03/05/2020 11:07
e4fe736f-ec72-48f0-91ea-14b046552879,Browsecat.Hassin@yahoo.com,$2y$12$b2Zi6lrSH7vfO3f5ZpTyBO6knzHH/u8ONgZigQTFleK77CW.n6qBi,employee,NULL,04/05/2020 11:07,04/05/2020 11:07
424f1d7e-893b-42e7-86e0-dd7ac6021be6,Janyx.Dopson@yahoo.com,$2y$12$b2Zi6lrSH7vfO3f5ZpTyBO6knzHH/u8ONgZigQTFleK77CW.n6qBi,employee,NULL,05/05/2020 11:07,05/05/2020 11:07
1454dc9c-b6a8-4bad-ab9e-5879149ba9bf,Gabtype.Chillingworth@yahoo.com,$2y$12$b2Zi6lrSH7vfO3f5ZpTyBO6knzHH/u8ONgZigQTFleK77CW.n6qBi,employee,NULL,06/05/2020 11:07,06/05/2020 11:07
f3ac528b-8bff-486f-9921-fa211193631d,Linkbridge.Burree@yahoo.com,$2y$12$b2Zi6lrSH7vfO3f5ZpTyBO6knzHH/u8ONgZigQTFleK77CW.n6qBi,employee,NULL,07/05/2020 11:07,07/05/2020 11:07
db3d19a3-5003-4b3f-ba92-836fbd4c491f,Browsecat.Arnout@yahoo.com,$2y$12$b2Zi6lrSH7vfO3f5ZpTyBO6knzHH/u8ONgZigQTFleK77CW.n6qBi,employee,NULL,08/05/2020 11:07,08/05/2020 11:07
095668e6-954e-44c9-bbc5-a1e624c624b1,Kwilith.Geraghty@yahoo.com,$2y$12$b2Zi6lrSH7vfO3f5ZpTyBO6knzHH/u8ONgZigQTFleK77CW.n6qBi,employee,NULL,09/05/2020 11:07,09/05/2020 11:07
39d0872f-324f-438a-802f-cd776e0563c1,Eire.Gallie@yahoo.com,$2y$12$b2Zi6lrSH7vfO3f5ZpTyBO6knzHH/u8ONgZigQTFleK77CW.n6qBi,employee,NULL,10/05/2020 11:07,10/05/2020 11:07
aa04dd9d-5e17-41f5-a6ab-7f58b52d9af9,Rhybox.Colisbe@yahoo.com,$2y$12$b2Zi6lrSH7vfO3f5ZpTyBO6knzHH/u8ONgZigQTFleK77CW.n6qBi,employee,NULL,11/05/2020 11:07,11/05/2020 11:07
bee9de54-6786-4ba0-8e35-80877808f807,Trilia.Depke@yahoo.com,$2y$12$b2Zi6lrSH7vfO3f5ZpTyBO6knzHH/u8ONgZigQTFleK77CW.n6qBi,employee,NULL,12/05/2020 11:07,12/05/2020 11:07
00ab82a6-5808-4c7b-86f7-1cd55e62ef9f,Thoughtworks.Skirling@yahoo.com,$2y$12$b2Zi6lrSH7vfO3f5ZpTyBO6knzHH/u8ONgZigQTFleK77CW.n6qBi,employee,NULL,13/05/2020 11:07,13/05/2020 11:07
a885c6da-d0b6-42a1-a94b-566052309522,Roombo.Sandys@yahoo.com,$2y$12$b2Zi6lrSH7vfO3f5ZpTyBO6knzHH/u8ONgZigQTFleK77CW.n6qBi,employee,NULL,14/05/2020 11:07,14/05/2020 11:07
c2a1d99b-f68c-4cef-83d9-993464cee7cb,Realcube.Kryszkiecicz@yahoo.com,$2y$12$b2Zi6lrSH7vfO3f5ZpTyBO6knzHH/u8ONgZigQTFleK77CW.n6qBi,employee,NULL,15/05/2020 11:07,15/05/2020 11:07
3662f1bc-f16e-470d-a2c6-b0b075f3d2a9,Agimba.Bish@yahoo.com,$2y$12$b2Zi6lrSH7vfO3f5ZpTyBO6knzHH/u8ONgZigQTFleK77CW.n6qBi,employee,NULL,16/05/2020 11:07,16/05/2020 11:07
0b86963f-866b-4dbd-bdc8-15654d2dfd13,Voomm.Wigfield@yahoo.com,$2y$12$b2Zi6lrSH7vfO3f5ZpTyBO6knzHH/u8ONgZigQTFleK77CW.n6qBi,employee,NULL,17/05/2020 11:07,17/05/2020 11:07
6d040791-44bc-48cd-9989-e8fd775fea02,Yadel.Overpool@yahoo.com,$2y$12$b2Zi6lrSH7vfO3f5ZpTyBO6knzHH/u8ONgZigQTFleK77CW.n6qBi,employee,NULL,18/05/2020 11:07,18/05/2020 11:07
82c575b2-1008-4d6a-b122-2ed2e6205649,Youspan.Curling@yahoo.com,$2y$12$b2Zi6lrSH7vfO3f5ZpTyBO6knzHH/u8ONgZigQTFleK77CW.n6qBi,employee,NULL,19/05/2020 11:07,19/05/2020 11:07
5c09bbbd-335b-4b79-a44a-ed339bbe039d,Dabshots.Kennington@yahoo.com,$2y$12$b2Zi6lrSH7vfO3f5ZpTyBO6knzHH/u8ONgZigQTFleK77CW.n6qBi,employee,NULL,20/05/2020 11:07,20/05/2020 11:07
763a45c5-1678-454e-9dc8-522c1c532ea0,Quimba.Pott@yahoo.com,$2y$12$b2Zi6lrSH7vfO3f5ZpTyBO6knzHH/u8ONgZigQTFleK77CW.n6qBi,employee,NULL,21/05/2020 11:07,21/05/2020 11:07
ba819c16-a405-4488-b867-a88515eb1bcc,Mymm.Benedito@yahoo.com,$2y$12$b2Zi6lrSH7vfO3f5ZpTyBO6knzHH/u8ONgZigQTFleK77CW.n6qBi,employee,NULL,22/05/2020 11:07,22/05/2020 11:07
9e9a2c37-6863-4c28-8e27-b9761561fabc,Twinte.Floris@yahoo.com,$2y$12$b2Zi6lrSH7vfO3f5ZpTyBO6knzHH/u8ONgZigQTFleK77CW.n6qBi,employee,NULL,23/05/2020 11:07,23/05/2020 11:07
40088f2d-1d67-47f3-bff7-db41d6a64bf7,Skipstorm.Brandham@yahoo.com,$2y$12$b2Zi6lrSH7vfO3f5ZpTyBO6knzHH/u8ONgZigQTFleK77CW.n6qBi,employee,NULL,24/05/2020 11:07,24/05/2020 11:07
ab530a7a-60aa-45dc-8584-b02bbed6ec41,Plajo.McCarlie@yahoo.com,$2y$12$b2Zi6lrSH7vfO3f5ZpTyBO6knzHH/u8ONgZigQTFleK77CW.n6qBi,employee,NULL,25/05/2020 11:07,25/05/2020 11:07
7637a320-d8bb-4973-85ed-9cc223d974fc,Browsebug.Fisher@yahoo.com,$2y$12$b2Zi6lrSH7vfO3f5ZpTyBO6knzHH/u8ONgZigQTFleK77CW.n6qBi,employee,NULL,26/05/2020 11:07,26/05/2020 11:07
acd00937-90f8-4a38-b3e8-4eef839771f2,Abatz.Feltoe@yahoo.com,$2y$12$b2Zi6lrSH7vfO3f5ZpTyBO6knzHH/u8ONgZigQTFleK77CW.n6qBi,employee,NULL,27/05/2020 11:07,27/05/2020 11:07